{
	"info": {
		"_postman_id": "17888a6e-ae06-480c-aadc-10c44efa2582",
		"name": "TarefaSolutis",
		"schema": "https://schema.getpostman.com/json/collection/v2.1.0/collection.json"
	},
	"item": [
		{
			"name": "Pauta",
			"item": [
				{
					"name": "localhost:8080/pauta",
					"request": {
						"method": "GET",
						"header": [],
						"url": {
							"raw": "localhost:8080/pauta",
							"host": [
								"localhost"
							],
							"port": "8080",
							"path": [
								"pauta"
							]
						}
					},
					"response": []
				},
				{
					"name": "localhost:8080/pauta/id/ 1",
					"request": {
						"method": "GET",
						"header": [],
						"url": {
							"raw": "localhost:8080/pauta/id/1",
							"host": [
								"localhost"
							],
							"port": "8080",
							"path": [
								"pauta",
								"id",
								"1"
							]
						}
					},
					"response": []
				},
				{
					"name": "http://localhost:8080/pauta/poreleitor/1",
					"request": {
						"method": "GET",
						"header": [],
						"url": {
							"raw": "http://localhost:8080/pauta/poreleitor/1",
							"protocol": "http",
							"host": [
								"localhost"
							],
							"port": "8080",
							"path": [
								"pauta",
								"poreleitor",
								"1"
							]
						}
					},
					"response": []
				},
				{
					"name": "http://localhost:8080/pauta/nome",
					"request": {
						"method": "POST",
						"header": [],
						"body": {
							"mode": "raw",
							"raw": "{\"nome\":\"teste\"}",
							"options": {
								"raw": {
									"language": "json"
								}
							}
						},
						"url": {
							"raw": "http://localhost:8080/pauta/nome",
							"protocol": "http",
							"host": [
								"localhost"
							],
							"port": "8080",
							"path": [
								"pauta",
								"nome"
							]
						}
					},
					"response": []
				},
				{
					"name": "http://localhost:8080/pauta/abrir/1",
					"request": {
						"method": "GET",
						"header": [],
						"url": {
							"raw": "http://localhost:8080/pauta/abrir/1",
							"protocol": "http",
							"host": [
								"localhost"
							],
							"port": "8080",
							"path": [
								"pauta",
								"abrir",
								"1"
							]
						}
					},
					"response": []
				},
				{
					"name": "http://localhost:8080//pauta/anular/5",
					"request": {
						"method": "GET",
						"header": [],
						"url": {
							"raw": "http://localhost:8080//pauta/anular/5",
							"protocol": "http",
							"host": [
								"localhost"
							],
							"port": "8080",
							"path": [
								"",
								"pauta",
								"anular",
								"5"
							]
						}
					},
					"response": []
				},
				{
					"name": "http://localhost:8080/pauta/salvar",
					"request": {
						"method": "POST",
						"header": [],
						"body": {
							"mode": "raw",
							"raw": "{\"id\":\"\",\"nome\":\"teste\",\"duracao\":\"10\"}",
							"options": {
								"raw": {
									"language": "json"
								}
							}
						},
						"url": {
							"raw": "http://localhost:8080/pauta/salvar",
							"protocol": "http",
							"host": [
								"localhost"
							],
							"port": "8080",
							"path": [
								"pauta",
								"salvar"
							]
						}
					},
					"response": []
				},
				{
					"name": "http://localhost:8080/pauta/excluir/3",
					"request": {
						"method": "DELETE",
						"header": [],
						"url": {
							"raw": "http://localhost:8080/pauta/excluir/3",
							"protocol": "http",
							"host": [
								"localhost"
							],
							"port": "8080",
							"path": [
								"pauta",
								"excluir",
								"3"
							]
						}
					},
					"response": []
				}
			]
		},
		{
			"name": "Apuracao",
			"item": [
				{
					"name": "http://localhost:8080/apuracao/consultar/2",
					"request": {
						"method": "GET",
						"header": [],
						"url": {
							"raw": "http://localhost:8080/apuracao/consultar/2",
							"protocol": "http",
							"host": [
								"localhost"
							],
							"port": "8080",
							"path": [
								"apuracao",
								"consultar",
								"2"
							]
						}
					},
					"response": []
				},
				{
					"name": "http://localhost:8080/apuracao",
					"request": {
						"method": "POST",
						"header": [],
						"body": {
							"mode": "raw",
							"raw": "{\"idDaPauta\":\"2\"}",
							"options": {
								"raw": {
									"language": "json"
								}
							}
						},
						"url": {
							"raw": "http://localhost:8080/apuracao",
							"protocol": "http",
							"host": [
								"localhost"
							],
							"port": "8080",
							"path": [
								"apuracao"
							]
						}
					},
					"response": []
				}
			]
		},
		{
			"name": "Eleitor",
			"item": [
				{
					"name": "http://localhost:8080/eleitor",
					"request": {
						"method": "GET",
						"header": [],
						"url": {
							"raw": "http://localhost:8080/eleitor",
							"protocol": "http",
							"host": [
								"localhost"
							],
							"port": "8080",
							"path": [
								"eleitor"
							]
						}
					},
					"response": []
				},
				{
					"name": "http://localhost:8080/eleitor/id/2",
					"request": {
						"method": "GET",
						"header": [],
						"url": {
							"raw": "http://localhost:8080/eleitor/id/2",
							"protocol": "http",
							"host": [
								"localhost"
							],
							"port": "8080",
							"path": [
								"eleitor",
								"id",
								"2"
							]
						}
					},
					"response": []
				},
				{
					"name": "http://localhost:8080/eleitor/idpauta/1",
					"request": {
						"method": "GET",
						"header": [],
						"url": {
							"raw": "http://localhost:8080/eleitor/idpauta/1",
							"protocol": "http",
							"host": [
								"localhost"
							],
							"port": "8080",
							"path": [
								"eleitor",
								"idpauta",
								"1"
							]
						}
					},
					"response": []
				},
				{
					"name": "http://localhost:8080/eleitor/nome",
					"request": {
						"method": "POST",
						"header": [],
						"body": {
							"mode": "raw",
							"raw": "{\"nome\":\"sam\"}",
							"options": {
								"raw": {
									"language": "json"
								}
							}
						},
						"url": {
							"raw": "http://localhost:8080/eleitor/nome",
							"protocol": "http",
							"host": [
								"localhost"
							],
							"port": "8080",
							"path": [
								"eleitor",
								"nome"
							]
						}
					},
					"response": []
				},
				{
					"name": "http://localhost:8080/eleitor/cpf",
					"request": {
						"method": "POST",
						"header": [],
						"body": {
							"mode": "raw",
							"raw": "{\"cpf\":\"12345678901\"}",
							"options": {
								"raw": {
									"language": "json"
								}
							}
						},
						"url": {
							"raw": "http://localhost:8080/eleitor/cpf",
							"protocol": "http",
							"host": [
								"localhost"
							],
							"port": "8080",
							"path": [
								"eleitor",
								"cpf"
							]
						}
					},
					"response": []
				},
				{
					"name": "http://localhost:8080/eleitor/salvar",
					"request": {
						"method": "POST",
						"header": [],
						"body": {
							"mode": "raw",
							"raw": "{\"id\":\"3\",\"nome\":\"teste\",\"cpf\":\"12345678905\"}",
							"options": {
								"raw": {
									"language": "json"
								}
							}
						},
						"url": {
							"raw": "http://localhost:8080/eleitor/salvar",
							"protocol": "http",
							"host": [
								"localhost"
							],
							"port": "8080",
							"path": [
								"eleitor",
								"salvar"
							]
						}
					},
					"response": []
				},
				{
					"name": "http://localhost:8080/eleitor/excluir/6",
					"request": {
						"method": "DELETE",
						"header": [],
						"url": {
							"raw": "http://localhost:8080/eleitor/excluir/6",
							"protocol": "http",
							"host": [
								"localhost"
							],
							"port": "8080",
							"path": [
								"eleitor",
								"excluir",
								"6"
							]
						}
					},
					"response": []
				}
			]
		},
		{
			"name": "Votos",
			"item": [
				{
					"name": "http://localhost:8080/votos/1",
					"request": {
						"method": "GET",
						"header": [],
						"url": {
							"raw": "http://localhost:8080/votos/1",
							"protocol": "http",
							"host": [
								"localhost"
							],
							"port": "8080",
							"path": [
								"votos",
								"1"
							]
						}
					},
					"response": []
				},
				{
					"name": "http://localhost:8080/votos/auditar/2",
					"request": {
						"method": "GET",
						"header": [],
						"url": {
							"raw": "http://localhost:8080/votos/auditar/2",
							"protocol": "http",
							"host": [
								"localhost"
							],
							"port": "8080",
							"path": [
								"votos",
								"auditar",
								"2"
							]
						}
					},
					"response": []
				},
				{
					"name": "http://localhost:8080/votos/votar",
					"request": {
						"method": "POST",
						"header": [],
						"body": {
							"mode": "raw",
							"raw": "{\"idDaPauta\":\"4\", \"idDoEleitor\":\"1\",\"valorDoVoto\":\"1\"}",
							"options": {
								"raw": {
									"language": "json"
								}
							}
						},
						"url": {
							"raw": "http://localhost:8080/votos/votar",
							"protocol": "http",
							"host": [
								"localhost"
							],
							"port": "8080",
							"path": [
								"votos",
								"votar"
							]
						}
					},
					"response": []
				}
			]
		}
	]
}